Cluster,Penetration,Monkey Name,Effect Size,Layers,Baseline Classification,Evoked Classification,Baseline p-value,Evoked p-value,Baseline High Firing Rate,Baseline Low Firing Rate,Evoked High Firing Rate,Evoked Low Firing Rate
23,4/17/2024,Sansa,1.2626262626262625,,up,up,0.002371064,0.008901571,1.3461538461538463,0.6282051282051282,17.628205128205128,13.961538461538462
35,4/17/2024,Sansa,1.1883974727168294,,no effect,no effect,0.30192234332804074,0.054365733999526024,1.1923076923076923,0.8589743589743589,26.525641025641026,22.32051282051282
43,4/17/2024,Sansa,1.1203830369357044,,no effect,no effect,0.48004089386775617,0.26684699967810704,0.6410256410256411,0.48717948717948717,10.5,9.371794871794872
85,4/17/2024,Sansa,1.127071823,,no effect,no effect,0.12462250537314412,0.36831513,1.3846153846153846,1.8461538461538463,2.6153846153846154,2.3205128205128207
101,4/17/2024,Sansa,1.0068337129840546,,no effect,no effect,0.14917484976637838,0.9404279347205229,4.217948717948718,4.897435897435898,5.666666666666667,5.628205128205129
107,4/17/2024,Sansa,1.097972972972973,,no effect,no effect,0.38184536638825006,0.38069045172041094,2.1794871794871793,2.4743589743589745,4.166666666666667,3.7948717948717947
108,4/17/2024,Sansa,1.2132701421800947,,no effect,no effect,0.8100096037258605,0.30459432,1.4487179487179487,1.5256410256410255,3.282051282051282,2.7051282051282053
109,4/17/2024,Sansa,1.0268656716417912,,no effect,no effect,0.3317126297124864,0.8031994243821918,2.0641025641025643,2.4743589743589745,4.410256410256411,4.294871794871795
114,4/17/2024,Sansa,1.1493212669683257,,no effect,no effect,0.9628829773097278,0.22866742933996081,1.7564102564102564,1.7692307692307692,3.2564102564102564,2.8333333333333335
117,4/17/2024,Sansa,1.1703958691910499,,no effect,up,0.5169202749759878,0.043954727428288355,1.5897435897435896,1.3461538461538463,8.717948717948717,7.448717948717949
130,4/17/2024,Sansa,0.9917695473251029,,no effect,no effect,0.22318641635098996,0.9125263492804637,2.8461538461538463,2.3461538461538463,9.269230769,9.346153846153847
137,4/17/2024,Sansa,0.9078498293515358,,no effect,no effect,0.7543000706544225,0.35130371265315297,1.6794871794871795,1.5897435897435896,3.41025641,3.7564102564102564
138,4/17/2024,Sansa,1.2113564668769718,,up,up,0.019735621911693497,0.035814697,2.2051282051282053,1.4615384615384615,4.923076923076923,4.064102564102564
143,4/17/2024,Sansa,1.0526315789473686,,up,no effect,0.012937093792009219,0.532388971,1.9230769230769231,1.1538461538461537,6.410256410256411,6.089743589743589
146,4/17/2024,Sansa,1.1877394636015326,,no effect,no effect,0.4905966766865948,0.18745958540634589,2.871794871794872,3.1666666666666665,3.9743589743589745,3.3461538461538463
148,4/17/2024,Sansa,1.0335570469798658,,no effect,no effect,0.22001440648603432,0.8191188063884037,1.294871794871795,1.064102564102564,1.9743589743589745,1.9102564102564104
153,4/17/2024,Sansa,1.604316547,,up,up,0.00033999,1.6356477046114823e-06,1.6538461538461537,0.9871794871794872,5.717948717948718,3.5641025641025643
164,4/17/2024,Sansa,0.6980676328502416,,no effect,no effect,0.22174271227989292,0.058636415,5.512820512820513,6.4743589743589745,3.7051282051282053,5.3076923076923075
165,4/17/2024,Sansa,1.0380952380952382,,no effect,no effect,0.8114426041031264,0.6977579872399091,1.7435897435897436,1.6666666666666667,4.1923076923076925,4.038461538461538
166,4/17/2024,Sansa,1.2490118577075098,,no effect,up,0.20481702485068579,0.016662272987985817,3.448717948717949,3.051282051282051,4.051282051282051,3.2435897435897436
167,4/17/2024,Sansa,0.8648648648648649,,no effect,no effect,0.4460778083536716,0.15467317584623655,8.884615384615385,8.602564102564102,6.9743589743589745,8.064102564102564
168,4/17/2024,Sansa,1,,no effect,no effect,0.37879372792714106,1,3.6923076923076925,4.217948717948718,5.012820512820513,5.012820512820513
169,4/17/2024,Sansa,0.9499999999999998,,no effect,no effect,0.17927899723776639,0.6111789457410391,2.3205128205128207,2.641025641025641,2.4358974358974357,2.5641025641025643
176,4/17/2024,Sansa,1.0656565656565657,,no effect,no effect,0.594239568,0.3623220307040639,7.576923076923077,7.333333333333333,10.820512820512821,10.153846153846153
179,4/17/2024,Sansa,0.9137931034482758,,down,no effect,0.007392303,0.4706836840802735,1.564102564102564,2.2051282051282053,2.0384615384615383,2.230769230769231
182,4/17/2024,Sansa,1.3986928104575165,,no effect,up,0.8125488297251877,0.014415678073493803,1.3461538461538463,1.294871794871795,2.7435897435897436,1.9615384615384615
184,4/17/2024,Sansa,0.9770114942528735,,down,no effect,0.000347314,0.8470883402825916,1.6282051282051282,2.576923076923077,2.1794871794871793,2.230769230769231
186,4/17/2024,Sansa,1.0326086956521738,,no effect,no effect,0.21442464689529306,0.7875592396954507,3.5,4.102564102564102,4.871794871794871,4.717948717948718
189,4/17/2024,Sansa,1.0214285714285714,,no effect,no effect,0.7979302913671801,0.8057684983390494,4.435897435897436,4.333333333333333,5.5,5.384615384615385
196,4/17/2024,Sansa,1.054726368159204,,no effect,no effect,0.14490538301293882,0.552975397,4.410256410256411,5.064102564102564,5.435897435897436,5.153846153846154
213,4/17/2024,Sansa,1.0875912408759125,,no effect,no effect,0.066974388,0.3688673155901375,4.435897435897436,5.435897435897436,7.641025641025641,7.0256410256410255
231,4/17/2024,Sansa,1.0550161812297736,,no effect,no effect,0.9479160437909688,0.6381100724290615,3.448717948717949,3.423076923076923,4.179487179,3.9615384615384617
232,4/17/2024,Sansa,1.2042553191489362,,no effect,no effect,0.1443397060058077,0.12634820575100808,2.8461538461538463,3.282051282051282,3.628205128205128,3.0128205128205128
234,4/17/2024,Sansa,1.2285714285714286,,up,no effect,0.047833051,0.051063012641183556,3.5641025641025643,2.8333333333333335,4.410256410256411,3.58974359
235,4/17/2024,Sansa,1.0327868852459017,,no effect,no effect,0.5425807464058264,0.7910129370161996,4.051282051282051,3.7564102564102564,3.230769230769231,3.128205128205128
240,4/17/2024,Sansa,1.2439024390243902,,no effect,no effect,0.9520321792985551,0.12044933703285014,0.9230769230769231,0.9102564102564102,2.6153846153846154,2.1025641025641026
245,4/17/2024,Sansa,1.412828947368421,,no effect,up,0.16577004610385404,0.002445212,3.628205128205128,2.948717948717949,11.012820512820513,7.794871794871795
250,4/17/2024,Sansa,1.343065693430657,,no effect,no effect,0.7237944650339763,0.077727592,1.3461538461538463,1.2435897435897436,4.717948717948718,3.5128205128205128
286,4/17/2024,Sansa,1.4726368159203977,,no effect,up,0.35384794190760127,0.006501171,1.1538461538461537,0.8076923076923077,7.589743589743589,5.153846153846154
290,4/17/2024,Sansa,1.2325581395348837,,no effect,no effect,0.7262238177988716,0.12760121045615286,1.3461538461538463,1.4102564102564104,2.0384615384615383,1.6538461538461537
309,4/17/2024,Sansa,1.3125,,no effect,no effect,0.15515294819237332,0.15466619802801213,0.9230769230769231,0.7051282051282052,0.8076923076923077,0.6153846153846154
,,,,,,,,,,,,
0,4/18/2024,Sansa,0.6229050279329609,,no effect,down,0.10978893756531773,0.029229661981542414,4.343283582089552,6.104477611940299,3.328358208955224,5.343283582089552
2,4/18/2024,Sansa,0.9528619528619531,,no effect,no effect,0.16781452618060397,0.7502797402326589,1.5820895522388059,1.9850746268656716,4.223880597014926,4.432835820895522
3,4/18/2024,Sansa,1.1077504725897922,,no effect,no effect,0.6492266181220985,0.22833323489461366,7.388059701492537,7.134328358208955,8.746268656716419,7.895522388059701
10,4/18/2024,Sansa,1.4739884393063585,,no effect,up,0.1882071497018332,0.001225041,7.686567164179104,6.567164179104478,11.417910447761194,7.746268656716418
35,4/18/2024,Sansa,1.073846153846154,,no effect,no effect,0.5132216289904601,0.48436509623046997,4.1940298507462686,3.8955223880597014,5.208955223880597,4.850746268656716
36,4/18/2024,Sansa,1.0678513731825523,,no effect,no effect,0.30484554199445896,0.5371532767540352,9.388059701492537,8.880597014925373,9.865671641791044,9.238805970149254
38,4/18/2024,Sansa,1.0544747081712063,,no effect,no effect,0.6926222966507558,0.5966836810996687,3.9402985074626864,3.7761194029850746,4.044776119402985,3.8358208955223883
50,4/18/2024,Sansa,1.1724890829694323,,no effect,up,0.080174364,0.010094357320315812,7.104477611940299,6.1940298507462686,8.014925373134329,6.835820895522388
52,4/18/2024,Sansa,0.7014925373134329,,no effect,down,0.7300444719193959,0.009826334,4.029850746268656,4.179104478,2.8059701492537314,4
53,4/18/2024,Sansa,1.2178770949720672,,no effect,no effect,0.1834482995600395,0.12129147697506008,2.716417910447761,2.328358208955224,3.253731343283582,2.671641791044776
62,4/18/2024,Sansa,1.069204152249135,,no effect,no effect,0.167737283,0.34481194649316504,8.761194029850746,8.044776119402986,9.223880597014926,8.626865671641792
63,4/18/2024,Sansa,0.9468085106382979,,up,no effect,0.024736292888465006,0.48023777091758857,7.343283582089552,6.298507462686567,6.641791044776119,7.014925373134329
75,4/18/2024,Sansa,1.0757855822550833,,no effect,no effect,0.9740588752755046,0.19929844659127796,7.597014925373134,7.611940298507463,8.686567164179104,8.074626865671641
86,4/18/2024,Sansa,1.0571992110453647,,up,no effect,0.001144681,0.37063606166317886,8.552238805970148,6.910447761,8,7.567164179104478
110,4/18/2024,Sansa,1.0595238095238095,,no effect,no effect,0.10362506687692825,0.7012433666328537,4.044776119402985,3.1940298507462686,5.313432835820896,5.014925373134329
113,4/18/2024,Sansa,1.1538461538461537,,up,no effect,0.024208281102684453,0.15883757770507567,1.9104477611940298,1.2537313432835822,4.925373134328358,4.268656716417911
114,4/18/2024,Sansa,0.7441860465116279,,down,no effect,0.001460567,0.10999427070289976,0.7761194029850746,1.3880597014925373,1.4328358208955223,1.9253731343283582
121,4/18/2024,Sansa,1.25,,no effect,no effect,0.35143612688225956,0.19941930586072912,1.0746268656716418,1.4179104477611941,2.537313432835821,2.029850746268657
153,4/18/2024,Sansa,1.1728395061728396,,no effect,no effect,0.074439244,0.30671595093237664,1.462686567164179,1.0895522388059702,1.4179104477611941,1.208955223880597
154,4/18/2024,Sansa,1.2105263157894737,,no effect,no effect,0.5736882590365483,0.2050459385277483,1.8208955223880596,2,3.4328358208955225,2.8358208955223883
155,4/18/2024,Sansa,1.4528301886792452,,up,up,0.010208336545823794,0.000412532,5.492537313432836,4.402985074626866,6.895522388059701,4.746268656716418
175,4/18/2024,Sansa,1.008298755186722,,no effect,no effect,0.2092121274635219,0.9231938708411431,5.2388059701492535,5.940298507462686,7.253731343283582,7.1940298507462686
210,4/18/2024,Sansa,1.3529411764705883,,no effect,no effect,0.7714242122871898,0.06276965,0.7313432835820896,0.6716417910447762,2.0597014925373136,1.5223880597014925
211,4/18/2024,Sansa,2.0576923076923075,,up,up,0.000506707,1.9990983138717504e-05,1,0.373134328,3.1940298507462686,1.5522388059701493
232,4/18/2024,Sansa,1.4857142857142858,,no effect,up,0.19414414902520577,0.00562945,1.9104477611940298,1.4179104477611941,13.194029850746269,8.880597014925373
263,4/18/2024,Sansa,1.0555555555555556,,no effect,no effect,0.1953870053453133,0.5326206345251461,2.8208955223880596,2.5522388059701493,2.8358208955223883,2.6865671641791047
264,4/18/2024,Sansa,1.0662983425414365,,no effect,no effect,0.7619342183902946,0.4266885793882784,2.582089552238806,2.5223880597014925,2.8805970149253732,2.701492537313433
4,5/23/2024,Sansa,1.638121546961326,,no effect,up,0.5477822990801533,0.002178345,0.5461538461538461,0.45384615384615384,4.561538461538461,2.7846153846153845
7,5/23/2024,Sansa,0.9685302390998594,,no effect,no effect,0.8467301039114958,0.573137162,4.315384615384615,4.161538461538462,42.37692307692308,43.753846153846155
8,5/23/2024,Sansa,0.8594982078853046,,no effect,no effect,0.4460168689975529,0.073616474,1.0384615384615385,0.8538461538461538,9.223076923076922,10.73076923076923
16,5/23/2024,Sansa,1.0496067755595888,,no effect,no effect,0.5658495784552455,0.6120466932828539,0.9846153846153847,1.1076923076923078,13.346153846153847,12.715384615384615
17,5/23/2024,Sansa,0.9872996673722407,,no effect,no effect,0.7668244454174723,0.8411309951344313,1.1384615384615384,1.2384615384615385,25.115384615384617,25.43846153846154
19,5/23/2024,Sansa,0.9942726231386025,,no effect,no effect,0.8028475129891326,0.9360213986019754,1.3153846153846154,1.3846153846153846,13.353846153846154,13.430769230769231
23,5/23/2024,Sansa,1.056271981242673,,no effect,no effect,0.46093881699941064,0.3347890443438807,6.246153846153846,6.446153846153846,6.930769230769231,6.561538461538461
25,5/23/2024,Sansa,1.1268591426071741,,no effect,no effect,0.8273202242714447,0.077089538,3.9461538461538463,3.8153846153846156,19.815384615384616,17.584615384615386
29,5/23/2024,Sansa,0.8665626219274289,,no effect,no effect,0.22808999935823157,0.053436780091657164,3.0153846153846153,3.5076923076923077,17.084615384615386,19.715384615384615
34,5/23/2024,Sansa,0.8196359624931053,,no effect,down,0.3481889929797638,0.000449488,6.676923076923077,5.876923076923077,22.861538461538462,27.892307692307693
40,5/23/2024,Sansa,0.7960238568588469,,no effect,down,0.8448113384944718,3.7789708026788905e-05,4.076923076923077,4.1923076923076925,15.4,19.346153846153847
44,5/23/2024,Sansa,0.6926070038910506,,down,down,0.04326408,0.001445122,0.9230769230769231,1.2692307692307692,1.3692307692307693,1.976923076923077
46,5/23/2024,Sansa,0.8412887828162291,,down,down,0.043783065,0.010075839942569054,3.6076923076923078,4.269230769230769,5.423076923076923,6.446153846153846
54,5/23/2024,Sansa,0.9765060240963855,,down,no effect,0.019756775915050383,0.6457343497793281,7.3307692307692305,8.723076923076922,12.46923076923077,12.76923076923077
55,5/23/2024,Sansa,1.0188284518828452,,no effect,no effect,0.20148650169701132,0.7089395653524768,6.553846153846154,7.007692307692308,7.492307692307692,7.3538461538461535
58,5/23/2024,Sansa,0.9913269731136167,,no effect,no effect,0.9340044033552457,0.8575592573162893,9.469230769,9.5,8.792307692307693,8.869230769
61,5/23/2024,Sansa,0.9117997616209774,,no effect,no effect,0.43982332838560334,0.19297033580779996,2.169230769230769,2.4384615384615387,5.884615384615385,6.453846153846154
62,5/23/2024,Sansa,0.9936356404136834,,no effect,no effect,0.732616137,0.8729320509893274,10.638461538461538,10.746153846153845,9.607692307692307,9.669230769230769
63,5/23/2024,Sansa,1.743801652892562,,up,up,5.465367637160295e-07,5.685149466896285e-08,3.9076923076923076,1.7923076923076924,6.492307692307692,3.723076923076923
66,5/23/2024,Sansa,0.8501529051987767,,down,down,0.031952303,0.018268871859840198,4.869230769230769,6.092307692307692,10.692307692307692,12.576923076923077
69,5/23/2024,Sansa,0.9438997821350763,,no effect,no effect,0.6713953173437479,0.23684625797333325,8.215384615384615,8.484615384615385,13.330769230769231,14.123076923076923
70,5/23/2024,Sansa,1.032520325203252,,no effect,no effect,0.6881899765756111,0.7338353571919061,6.730769230769231,6.584615384615384,6.838461538461538,6.623076923076923
71,5/23/2024,Sansa,1.0154761904761904,,no effect,no effect,0.17845623784174422,0.8669654388876362,3.5846153846153848,4.053846153846154,6.561538461538461,6.461538461538462
72,5/23/2024,Sansa,0.9148014440433213,,down,no effect,0.012699371349389574,0.12311431047998012,4.3,5.446153846153846,9.746153846153845,10.653846153846153
73,5/23/2024,Sansa,0.8450092994420335,,down,down,0.007126373,0.008108503,5.023076923076923,6.576923076923077,10.484615384615385,12.407692307692308
74,5/23/2024,Sansa,0.851512374,,down,down,0.018570484812506134,0.000292716,11.376923076923077,14.1,28.584615384615386,33.56923076923077
79,5/23/2024,Sansa,0.9265091863517061,,no effect,no effect,0.38083238291568544,0.10110910375116394,5.8076923076923075,6.430769230769231,29.869230769230768,32.238461538461536
80,5/23/2024,Sansa,0.8579365079365081,,no effect,no effect,0.8090785322335254,0.071442552,6.7384615384615385,6.653846153846154,8.315384615384616,9.692307692307692
82,5/23/2024,Sansa,0.9206619615478219,,no effect,no effect,0.6179012703487048,0.074316192,3.1153846153846154,2.9,29.1,31.607692307692307
84,5/23/2024,Sansa,0.9669273743016761,,no effect,no effect,0.9452913026280392,0.3817271906303964,6.946153846153846,6.992307692307692,33.284615384615385,34.42307692307692
87,5/23/2024,Sansa,0.965034965,,no effect,no effect,0.34333813971062666,0.8342385069659859,1.5692307692307692,1.8153846153846154,1.0615384615384615,1.1
88,5/23/2024,Sansa,0.8942137025204119,,no effect,down,0.18302200260400353,0.004714247,4.623076923076923,5.2846153846153845,19.376923076923077,21.66923076923077
94,5/23/2024,Sansa,0.8910034602076125,,no effect,no effect,0.2264142769478488,0.098889278,1.5461538461538462,1.8923076923076922,3.9615384615384617,4.446153846153846
103,5/23/2024,Sansa,0.8666666666666667,,no effect,no effect,0.35175047616129806,0.2004979758334024,5.123076923076923,4.6923076923076925,3.7,4.269230769230769
108,5/23/2024,Sansa,1.0655526992287918,,no effect,no effect,0.6534767856311163,0.2811317483338746,3.9692307692307693,4.1,6.376923076923077,5.984615384615385
109,5/23/2024,Sansa,0.9960845732184809,,down,no effect,0.021164485,0.950270944,7.530769230769231,8.507692307692308,9.784615384615385,9.823076923076924
110,5/23/2024,Sansa,1.012605042016807,,no effect,no effect,0.8999894520282841,0.8233015793653634,5.7384615384615385,5.792307692307692,9.269230769,9.153846153846153
115,5/23/2024,Sansa,0.8814655172413792,,no effect,no effect,0.055681187,0.15562600531407844,3.4,3.9923076923076923,3.146153846153846,3.5692307692307694
120,5/23/2024,Sansa,0.8713910761154856,,no effect,no effect,0.7646130628820692,0.11081737079797822,2.0153846153846153,1.9461538461538461,2.5538461538461537,2.9307692307692306
121,5/23/2024,Sansa,0.9862227324913891,,no effect,no effect,0.23833040133869157,0.8176467534751802,4.038461538461538,4.438461538461539,6.607692307692307,6.7
125,5/23/2024,Sansa,1.0014492753623188,,no effect,no effect,0.7483119999549277,0.987782089,11.561538461538461,11.192307692307692,10.63076923076923,10.615384615384615
127,5/23/2024,Sansa,0.896551724,,down,no effect,6.304966558126378e-05,0.065983875,6.076923076923077,7.776923076923077,6.4,7.138461538461539
132,5/23/2024,Sansa,1.3333333333333333,,no effect,up,0.11875161373394105,0.019336009,1.2846153846153847,1,2,1.5
133,5/23/2024,Sansa,1.067476383265857,,no effect,no effect,0.23683502218765598,0.3768309925040968,3.576923076923077,3.9615384615384617,6.084615384615384,5.7
135,5/23/2024,Sansa,1.0401721664275467,,no effect,no effect,0.3192540994034592,0.5321305052042967,5.930769230769231,6.230769230769231,5.576923076923077,5.361538461538461
140,5/23/2024,Sansa,1.165803109,,no effect,no effect,0.3404706596331122,0.051649824,4.846153846153846,4.553846153846154,5.1923076923076925,4.453846153846154
142,5/23/2024,Sansa,0.9809358752166376,,no effect,no effect,0.4724231889530749,0.8534886140377715,3.5923076923076924,3.876923076923077,4.3538461538461535,4.438461538461539
145,5/23/2024,Sansa,0.7085427135678392,,down,down,0.000332106,0.009930351,1.0538461538461539,1.6615384615384616,1.0846153846153845,1.5307692307692307
157,5/23/2024,Sansa,1.1173245614035088,,no effect,no effect,0.2407348384937015,0.059239391,7.430769230769231,7.038461538461538,7.838461538461538,7.015384615384615
159,5/23/2024,Sansa,1.0726855394032135,,down,no effect,0.003539446,0.21767898142414116,7.6,8.815384615384616,10.784615384615385,10.053846153846154
163,5/23/2024,Sansa,1.0825565912117177,,no effect,no effect,0.9688263419199198,0.21151399167801724,6.1461538461538465,6.161538461538462,6.253846153846154,5.776923076923077
164,5/23/2024,Sansa,1.0027447392497713,,no effect,no effect,0.18642924131974334,0.9500050698636173,9.215384615384615,8.723076923076922,8.430769230769231,8.407692307692308
168,5/23/2024,Sansa,1.142857142857143,,no effect,no effect,0.29309173788570314,0.16672334666841312,1.5,1.323076923076923,1.7230769230769232,1.5076923076923077
170,5/23/2024,Sansa,0.9740853658536587,,no effect,no effect,0.8455744444353988,0.7487617007259977,3.8923076923076922,3.830769230769231,4.915384615384616,5.046153846153846
172,5/23/2024,Sansa,1.0833333333333335,,no effect,no effect,0.9786569992197055,0.2775623742475154,3.3923076923076922,3.3846153846153846,4.9,4.523076923076923
173,5/23/2024,Sansa,1.0322916666666666,,no effect,no effect,0.096456896,0.48060797988233916,7.269230769230769,6.661538461538462,7.623076923076923,7.384615384615385
183,5/23/2024,Sansa,1.0429362880886426,,no effect,no effect,0.694223071,0.534049334,4.884615384615385,4.753846153846154,5.792307692307692,5.553846153846154
187,5/23/2024,Sansa,1.8667953667953667,,up,up,1.045831482846796e-07,1.567922744507062e-10,7.1692307692307695,4.338461538461538,7.438461538461539,3.9846153846153847
188,5/23/2024,Sansa,0.708187544,,down,down,2.078877557019502e-05,6.041154701199823e-07,6.2,8.607692307692307,7.7846153846153845,10.992307692307692
191,5/23/2024,Sansa,0.9725759059745349,,no effect,no effect,0.22745230552438542,0.644536362,5.315384615384615,5.6923076923076925,7.638461538461539,7.8538461538461535
198,5/23/2024,Sansa,0.9143290371493557,,no effect,no effect,0.1495641682010826,0.092290721,8.4,9.076923076923077,9.276923076923078,10.146153846153846
199,5/23/2024,Sansa,0.8602673147023087,,no effect,no effect,0.39506200826485127,0.065668795,3.8461538461538463,4.207692307692308,5.446153846153846,6.3307692307692305
202,5/23/2024,Sansa,0.9560229445506693,,no effect,no effect,0.5479502761971562,0.5741334882081708,3.1846153846153844,3.3461538461538463,3.8461538461538463,4.023076923076923
206,5/23/2024,Sansa,1.0555555555555556,,no effect,no effect,0.056982195,0.3635639838493582,4.515384615384615,4,5.992307692307692,5.676923076923077
211,5/23/2024,Sansa,1.1553030303030305,,up,no effect,0.009659853,0.19125844862783123,1.9538461538461538,1.4153846153846155,2.3461538461538463,2.0307692307692307
213,5/23/2024,Sansa,0.8392156862745098,,no effect,down,0.599797039,0.041565827528739156,2.546153846153846,2.6923076923076925,3.292307692307692,3.923076923076923
216,5/23/2024,Sansa,1.270440251572327,,no effect,no effect,0.5838645952561753,0.057245395,0.6615384615384615,0.7230769230769231,1.5538461538461539,1.2230769230769232
219,5/23/2024,Sansa,1.1960784313725492,,no effect,no effect,0.593090443,0.090628093,2.7615384615384615,2.6076923076923078,5.161538461538462,4.315384615384615
224,5/23/2024,Sansa,0.981042654,,no effect,no effect,0.27493496865705397,0.8138247836430031,2.0692307692307694,2.3384615384615386,4.776923076923077,4.869230769230769
227,5/23/2024,Sansa,1.0946930280957334,,no effect,no effect,0.546367071,0.15634820607245728,3.546153846153846,3.769230769230769,8.092307692307692,7.392307692307693
228,5/23/2024,Sansa,1.243781094527363,,no effect,up,0.6056857977045014,0.039209853,2.6076923076923078,2.523076923076923,1.9230769230769231,1.5461538461538462
236,5/23/2024,Sansa,1.081168831168831,,no effect,no effect,0.12601283512679867,0.34875248133800585,1.6846153846153846,1.2538461538461538,5.123076923076923,4.7384615384615385
237,5/23/2024,Sansa,0.6445312499999999,,no effect,no effect,0.23449890625154976,0.066725876,0.8307692307692308,1.123076923076923,1.2692307692307692,1.9692307692307693
239,5/23/2024,Sansa,1.0525217391304347,,no effect,no effect,0.41521307859096734,0.385897574,7.9,7.076923076923077,23.276923076923076,22.115384615384617
240,5/23/2024,Sansa,1.0564430244941427,,no effect,no effect,0.3108474873001411,0.4083555358286304,3.746153846153846,4.346153846153846,15.261538461538462,14.446153846153846
245,5/23/2024,Sansa,1.0646687697160884,,no effect,no effect,0.2806713641018017,0.35714719992100463,2.3461538461538463,2.0846153846153848,5.1923076923076925,4.876923076923077
247,5/23/2024,Sansa,1.096124031007752,,no effect,no effect,0.9669517974336168,0.11562533497824799,5.969230769230769,5.946153846153846,10.876923076923077,9.923076923076923
248,5/23/2024,Sansa,1.032564450474898,,no effect,no effect,0.5370881119260893,0.6049745292124586,4.315384615384615,4.561538461538461,5.8538461538461535,5.6692307692307695
249,5/23/2024,Sansa,1.134936539746159,,no effect,up,0.17407680651354007,0.036735035046984076,11.253846153846155,10.223076923076922,13.069230769230769,11.515384615384615
255,5/23/2024,Sansa,1.0924912978617602,,no effect,no effect,0.2700253985886829,0.050733730200209194,12.323076923076924,13.076923076923077,16.9,15.46923076923077
256,5/23/2024,Sansa,0.9392912975508076,,no effect,no effect,0.1270014538853318,0.20683759764366358,17.676923076923078,19.369230769230768,27.73076923076923,29.523076923076925
257,5/23/2024,Sansa,1.051482701812191,,no effect,no effect,0.2910601872801029,0.3485092429737412,9.630769231,10.492307692307692,19.638461538461538,18.676923076923078
258,5/23/2024,Sansa,0.9046087888531618,,down,no effect,0.027441311,0.16099763093926842,3.2153846153846155,4.092307692307692,6.492307692307692,7.176923076923077
262,5/23/2024,Sansa,1.0995723885155773,,no effect,no effect,0.14782402102100423,0.10317825905049628,7.884615384615385,8.853846153846154,13.846153846153847,12.592307692307692
263,5/23/2024,Sansa,0.7198364008179959,,no effect,down,0.945558107,0.001431119,1.6076923076923078,1.623076923076923,2.707692307692308,3.7615384615384615
264,5/23/2024,Sansa,0.923004251,,no effect,no effect,0.21414147995726948,0.30609435284391195,6.469230769230769,7.507692307692308,15.03076923076923,16.284615384615385
266,5/23/2024,Sansa,1.0603174603174603,,no effect,no effect,0.6926544326605196,0.35471661419075606,6.361538461538461,6.7,25.692307692307693,24.23076923076923
267,5/23/2024,Sansa,1.044349070100143,,no effect,no effect,0.5912662298893062,0.638766822,1.2923076923076924,1.4076923076923078,5.615384615384615,5.376923076923077
273,5/23/2024,Sansa,1.0467032967032968,,down,no effect,0.033960403222306805,0.4989880834317624,3.3076923076923075,4,8.792307692307693,8.4
279,5/23/2024,Sansa,1,,no effect,no effect,0.7552749011600386,1,2.7,2.753846153846154,2.9692307692307693,2.9692307692307693
280,5/23/2024,Sansa,0.9700272479564033,,no effect,no effect,0.9329202473978193,0.6338715662800007,2.723076923076923,2.7384615384615385,2.7384615384615385,2.8230769230769233
281,5/23/2024,Sansa,1.0264129508662312,,down,no effect,0.049550649467982176,0.7145875290450865,6.092307692307692,7.815384615384615,27.8,27.084615384615386
283,5/23/2024,Sansa,1.1040372670807452,,no effect,no effect,0.983669039,0.25130643768118255,2.3615384615384616,2.353846153846154,10.938461538461539,9.907692307692308
284,5/23/2024,Sansa,1.0533689126084056,,no effect,no effect,0.8752749375876165,0.579239518,2.5923076923076924,2.523076923076923,12.146153846153846,11.53076923076923
285,5/23/2024,Sansa,1.0611940298507463,,no effect,no effect,0.32662831752343535,0.5297685454006935,1,1.2692307692307692,5.469230769230769,5.153846153846154
288,5/23/2024,Sansa,1.0980392156862746,,no effect,no effect,0.4743623266140421,0.32583831526326934,4.661538461538462,5.392307692307693,30.153846153846153,27.46153846153846
295,5/23/2024,Sansa,1.1494042163153069,,no effect,no effect,0.8496522158299058,0.2001454716871271,1.123076923076923,1.1923076923076923,9.646153846153846,8.392307692307693
309,5/23/2024,Sansa,1.2159971811134602,,no effect,no effect,0.24099509339735276,0.053394332,4.3307692307692305,3.207692307692308,26.546153846153846,21.83076923076923
311,5/23/2024,Sansa,1.3904856293359764,,no effect,up,0.30918920401431954,0.005877273,3.6846153846153844,3.1384615384615384,10.792307692307693,7.7615384615384615
312,5/23/2024,Sansa,1.0717808219178082,,no effect,no effect,0.4001152434731622,0.4561352845726705,2.9,3.353846153846154,15.046153846153846,14.038461538461538
313,5/23/2024,Sansa,0.9008902077151335,,no effect,no effect,0.6648408027640346,0.26669039600791095,2.7153846153846155,2.9,11.676923076923076,12.961538461538462
314,5/23/2024,Sansa,0.9603267211201867,,no effect,no effect,0.8285044696312167,0.7303899720487712,0.8769230769230769,0.9230769230769231,6.3307692307692305,6.592307692307692
315,5/23/2024,Sansa,1.038410596,,no effect,no effect,0.6778406603957132,0.7512010400806619,0.676923077,0.7615384615384615,6.030769230769231,5.8076923076923075
316,5/23/2024,Sansa,1.0911371237458194,,no effect,no effect,0.5242645917570878,0.2892841821605267,1.3153846153846154,1.5076923076923077,10.038461538461538,9.2
317,5/23/2024,Sansa,1.0527912621359223,,no effect,no effect,0.7406629593968653,0.44914922518953737,3.9615384615384617,3.8,13.346153846153847,12.676923076923076
318,5/23/2024,Sansa,1.2727272727272727,,no effect,up,0.2878760880392121,0.001415036,2.1307692307692307,1.8461538461538463,7.323076923076923,5.753846153846154
321,5/23/2024,Sansa,0.8362831858407079,,no effect,no effect,0.8050773034484565,0.4452502632994061,0.676923077,0.6461538461538462,1.4538461538461538,1.7384615384615385
327,5/23/2024,Sansa,0.9888392857142856,,no effect,no effect,0.4589824948205108,0.896513942,2.976923076923077,2.776923076923077,3.4076923076923076,3.4461538461538463
348,5/23/2024,Sansa,2.626666666666667,,up,up,0.000235729,0.00150032,3.123076923076923,0.7692307692307693,3.0307692307692307,1.1538461538461537
350,5/23/2024,Sansa,2.5448275862068965,,up,up,0.00071915,0.000102691,2.207692307692308,0.9076923076923077,2.8384615384615386,1.1153846153846154
357,5/23/2024,Sansa,1.269485903814262,,no effect,up,0.1541419754085057,0.021946860127691325,13.6,11.015384615384615,11.776923076923078,9.276923076923078
362,5/23/2024,Sansa,0.7907761529808774,,no effect,no effect,0.7985190480463584,0.21661886132198638,4.1923076923076925,4.6461538461538465,5.407692307692308,6.838461538461538
364,5/23/2024,Sansa,0.9483726150392817,,down,no effect,0.021520307948634524,0.49196668366448615,4.915384615384616,6.884615384615385,13,13.707692307692307
365,5/23/2024,Sansa,0.9693654266958425,,no effect,no effect,0.9710874489508522,0.8349120070030229,1.823076923076923,1.8,3.4076923076923076,3.5153846153846153
369,5/23/2024,Sansa,0.9778523489932885,,no effect,no effect,0.9166884800731496,0.7997333232737889,7.069230769230769,7.2384615384615385,11.207692307692307,11.461538461538462
3,5/28/2024,Sansa,1.0755555555555556,,no effect,no effect,0.1949447752116312,0.32258289602784984,6.081632653061225,4.8979591836734695,24.693877551020407,22.959183673469386
5,5/28/2024,Sansa,1.0168569874932027,,no effect,no effect,0.9750804660748397,0.8197620073701981,7.632653061,7.591836734693878,38.16326530612245,37.53061224489796
6,5/28/2024,Sansa,1.0651629072681705,,no effect,no effect,0.4366309708234226,0.3985253259391135,4.346938775510204,3.979591836734694,8.673469387755102,8.142857142857142
16,5/28/2024,Sansa,0.9780821917808219,,no effect,no effect,0.12039025324494095,0.7819912217206881,4.367346939,3.9183673469387754,7.285714285714286,7.448979591836735
44,5/28/2024,Sansa,1.0213625866050808,,no effect,no effect,0.4490003296834921,0.8510188395475062,3.367346939,4.142857142857143,36.10204081632653,35.34693878
59,5/28/2024,Sansa,1.0471014492753623,,no effect,no effect,0.6720136992994904,0.5624049061582856,6.653061224489796,6.857142857142857,5.8979591836734695,5.632653061
60,5/28/2024,Sansa,0.9671232876712328,,no effect,no effect,0.750144772,0.6843636880208677,8.061224489795919,8.244897959183673,7.204081632653061,7.448979591836735
63,5/28/2024,Sansa,0.8787061994609164,,no effect,no effect,0.13255901690651348,0.29956170015453903,2.326530612244898,3.020408163265306,6.653061224489796,7.571428571428571
66,5/28/2024,Sansa,0.9153153153153153,,down,no effect,0.009178174,0.33764521700742056,5.938775510204081,7.877551020408164,20.73469387755102,22.653061224489797
74,5/28/2024,Sansa,1.0202788339670468,,no effect,no effect,0.3069527600299234,0.8160468601342172,5.285714285714286,5.979591836734694,16.428571428571427,16.102040816326532
76,5/28/2024,Sansa,0.8369152970922883,,no effect,no effect,0.20155743770033924,0.11823087297978299,5.285714285714286,6.244897959183674,13.510204081632653,16.142857142857142
82,5/28/2024,Sansa,0.8847980997624703,,no effect,no effect,0.5246436995674264,0.2603863390155002,3.9591836734693877,4.632653061,15.204081632653061,17.183673469387756
84,5/28/2024,Sansa,0.8026013771996939,,no effect,down,0.174169461,0.014660518292737757,13.040816326530612,15.551020408163266,21.408163265306122,26.67346939
87,5/28/2024,Sansa,0.738488271,,no effect,down,0.15307901397068258,0.01804834,13.306122448979592,16.46938775510204,17.346938775510203,23.489795918367346
88,5/28/2024,Sansa,1.0380434782608696,,no effect,no effect,0.7591226680702242,0.6149255600826313,10.142857142857142,9.979591836734693,11.693877551020408,11.26530612244898
89,5/28/2024,Sansa,0.7738231917336394,,no effect,down,0.38555474996499295,0.007020607,13.204081632653061,14.326530612244898,13.755102040816327,17.775510204081634
90,5/28/2024,Sansa,0.9186140209508461,,no effect,no effect,0.3280913239882537,0.1936481694324691,20.836734693877553,22.163265306122447,23.26530612244898,25.32653061
91,5/28/2024,Sansa,0.9081272084805654,,no effect,no effect,0.9641615802822437,0.2867585183694082,13.979591836734693,14.040816326530612,15.73469387755102,17.32653061
93,5/28/2024,Sansa,0.9559939301972686,,no effect,no effect,0.5778343881636263,0.5612980247681107,13.16326530612245,13.938775510204081,25.714285714285715,26.897959183673468
111,5/28/2024,Sansa,1.0038610038610039,,no effect,no effect,0.9471053747612344,0.9658759106099868,2.6122448979591835,2.6530612244897958,10.612244897959183,10.571428571428571
112,5/28/2024,Sansa,0.9113355780022447,,no effect,no effect,0.4349553516619453,0.24527989850561166,8.755102040816327,9.632653061,16.571428571428573,18.183673469387756
115,5/28/2024,Sansa,0.9656488549618321,,down,no effect,0.015392401020063246,0.5985220536559226,11.081632653061224,12.89795918367347,10.326530612244898,10.693877551020408
133,5/28/2024,Sansa,0.9334677419354838,,down,no effect,0.007465778,0.4272142270749467,9.469387755,11.89795918367347,9.448979591836734,10.122448979591837
138,5/28/2024,Sansa,1.1923076923076923,,no effect,no effect,0.082559504,0.3953742921883402,1.6122448979591837,2.122448979591837,3.795918367346939,3.183673469387755
144,5/28/2024,Sansa,1.0782918149466192,,no effect,no effect,0.588447452,0.36568170217895857,5.408163265306122,5.163265306122449,6.183673469387755,5.734693878
145,5/28/2024,Sansa,1.312883435582822,,up,up,0.007123031,0.024830369758824394,4.612244897959184,3.5306122448979593,4.367346939,3.326530612244898
150,5/28/2024,Sansa,0.9905660377358492,,no effect,no effect,0.5207280403206838,0.911896187,7.428571428571429,6.979591836734694,6.428571428571429,6.489795918367347
151,5/28/2024,Sansa,1.171907756813417,,no effect,up,0.20545237491035134,0.038389784084100126,11.755102040816327,10.795918367346939,11.408163265306122,9.734693878
152,5/28/2024,Sansa,1.0773809523809523,,no effect,no effect,0.9675134418606519,0.5077340492685792,3.326530612244898,3.306122448979592,3.693877551020408,3.4285714285714284
156,5/28/2024,Sansa,0.9576271186440678,,no effect,no effect,0.2535003522070738,0.5932087673799302,5.795918367346939,5.367346939,4.612244897959184,4.816326530612245
160,5/28/2024,Sansa,0.9802371541501976,,no effect,no effect,0.7674127148954039,0.7441081118861091,10.938775510204081,10.755102040816327,10.122448979591837,10.326530612244898
164,5/28/2024,Sansa,1.2,,no effect,no effect,0.066854213,0.23463548856962022,2.4285714285714284,1.8979591836734695,1.9591836734693877,1.6326530612244898
169,5/28/2024,Sansa,1.1904761904761905,,no effect,no effect,0.4048007905974941,0.076888067,4.3061224489795915,3.9591836734693877,4.081632653061225,3.4285714285714284
171,5/28/2024,Sansa,1.125,,no effect,no effect,0.43044475580134645,0.27937790277018454,4.326530612244898,4.653061224489796,3.489795918367347,3.1020408163265305
173,5/28/2024,Sansa,1.100200400801603,,no effect,no effect,0.3022717041774042,0.1546763624939484,9.102040816,9.836734694,11.204081632653061,10.183673469387756
179,5/28/2024,Sansa,1.1628440366972477,,no effect,up,0.062967264,0.023217425,11.857142857142858,10.428571428571429,10.346938775510203,8.897959184
182,5/28/2024,Sansa,1.0599999999999998,,no effect,no effect,0.3370058606532781,0.4553711659021241,6.081632653061225,6.591836734693878,5.408163265306122,5.1020408163265305
185,5/28/2024,Sansa,0.8975409836065573,,down,no effect,0.042348232,0.3355395131541473,3.510204081632653,4.816326530612245,4.469387755102041,4.979591836734694
186,5/28/2024,Sansa,1.1464285714285714,,up,up,0.001351614,0.048740762,12.183673469387756,9.183673469387756,13.10204081632653,11.428571428571429
190,5/28/2024,Sansa,0.9769585253456221,,down,no effect,0.034192369,0.8080787120259604,2.9183673469387754,3.7551020408163267,4.326530612244898,4.428571428571429
207,5/28/2024,Sansa,1.140672782874618,,no effect,no effect,0.072861546,0.15618446938033095,6.428571428571429,5.244897959183674,7.612244897959184,6.673469387755102
216,5/28/2024,Sansa,1.2874999999999999,,no effect,up,0.3809263675809169,0.003668766,8.163265306,8.938775510204081,12.612244897959183,9.795918367346939
218,5/28/2024,Sansa,1.2519685039370079,,no effect,up,0.7316977297534466,0.015913894347993195,8.204081632653061,8.551020408163266,12.979591836734693,10.36734693877551
220,5/28/2024,Sansa,1.143198090692124,,no effect,no effect,0.9354502844469986,0.18835569567815003,5.938775510204081,6,9.775510204081632,8.551020408163266
222,5/28/2024,Sansa,0.935897436,,no effect,no effect,1,0.6030410462866767,2.4693877551020407,2.4693877551020407,5.959183673469388,6.367346939
223,5/28/2024,Sansa,1.2616216216216216,,no effect,up,0.5530602843496069,0.002711299,14.387755102040817,13.653061224489797,23.816326530612244,18.877551020408163
225,5/28/2024,Sansa,1.2663755458515285,,no effect,up,0.067414469,0.043003804,3.4489795918367347,2.632653061,5.918367346938775,4.673469387755102
229,5/28/2024,Sansa,1.19375,,no effect,up,0.8089718274383533,0.034504006,10.83673469387755,10.551020408163266,23.387755102040817,19.591836734693878
230,5/28/2024,Sansa,1.2530120481927711,,no effect,up,0.4162819812831636,0.027929785,3.1020408163265305,2.7346938775510203,4.244897959183674,3.3877551020408165
234,5/28/2024,Sansa,0.9655172413793104,,up,no effect,0.033599722,0.7664152628180452,2.857142857142857,2.2244897959183674,2.857142857142857,2.9591836734693877
243,5/28/2024,Sansa,1.2293497363796133,,no effect,no effect,0.9734539254759094,0.071993945,8.632653061,8.693877551020408,28.551020408163264,23.224489795918366
244,5/28/2024,Sansa,1.0807833537331701,,no effect,no effect,0.4273211477814224,0.48806415820645854,10.040816326530612,8.387755102040817,36.04081632653061,33.34693878
247,5/28/2024,Sansa,1.1571194762684125,,no effect,no effect,0.43638028590245603,0.3368090795061449,3.2244897959183674,2.5510204081632653,14.428571428571429,12.46938775510204
250,5/28/2024,Sansa,1.069060773480663,,no effect,no effect,0.7852576073607029,0.32545228798141157,24.32653061,24.857142857142858,31.591836734693878,29.551020408163264
251,5/28/2024,Sansa,0.9358437935843794,,no effect,no effect,0.4859155638729812,0.37303549613641285,15.979591836734693,16.79591836734694,13.693877551020408,14.63265306122449
253,5/28/2024,Sansa,0.8511560693641619,,no effect,no effect,0.8621656842439003,0.11601645700650964,12.795918367346939,13,12.020408163265307,14.122448979591837
256,5/28/2024,Sansa,1.0973025048169558,,no effect,no effect,0.3711127886906197,0.15264653675840217,24.714285714285715,23.428571428571427,23.244897959183675,21.183673469387756
258,5/28/2024,Sansa,3.0625000000000004,,up,up,0.006173352,0.000216255,5.408163265306122,2.4081632653061225,8,2.6122448979591835
259,5/28/2024,Sansa,1.1626591230551628,,no effect,no effect,0.2866044651376292,0.053061164,15.061224489795919,13.755102040816327,16.775510204081634,14.428571428571429
261,5/28/2024,Sansa,1.0487465181058495,,no effect,no effect,0.4397277181664173,0.571251245,14.16326530612245,13.285714285714286,15.36734693877551,14.653061224489797
263,5/28/2024,Sansa,1.1482758620689655,,no effect,no effect,0.053952142239512536,0.18882920669507777,10.346938775510203,8.081632653061224,13.591836734693878,11.83673469387755
264,5/28/2024,Sansa,1.2811387900355873,,no effect,no effect,0.6420377197798706,0.1120259959060659,6.918367346938775,6.428571428571429,14.693877551020408,11.46938775510204
276,5/28/2024,Sansa,1.1005291005291005,,no effect,no effect,0.5111332887790287,0.3931547476803866,7.285714285714286,7.959183673469388,12.73469387755102,11.571428571428571
277,5/28/2024,Sansa,1.025706940874036,,no effect,no effect,0.12130012555938711,0.7124529593529414,8.204081632653061,9.142857142857142,8.142857142857142,7.938775510204081
279,5/28/2024,Sansa,1.0398230088495575,,no effect,no effect,0.6427608711337853,0.5941376766958777,5.714285714285714,5.510204081632653,4.795918367346939,4.612244897959184
281,5/28/2024,Sansa,1.376940133037694,,no effect,no effect,0.24035059712735496,0.053358692,4.673469387755102,3.2448979591836733,12.673469387755102,9.204081632653061
285,5/28/2024,Sansa,0.9400000000000001,,no effect,no effect,0.5690451003460859,0.7478127545966156,1.3877551020408163,1.1428571428571428,5.755102040816326,6.122448979591836
290,5/28/2024,Sansa,1.0984455958549224,,no effect,no effect,0.8057184536755976,0.6725994214480777,2.061224489795918,1.9183673469387754,8.653061224489797,7.877551020408164
299,5/28/2024,Sansa,1.305327868852459,,no effect,no effect,0.8688033046083627,0.21060854705078474,3.061224489795918,2.816326530612245,26,19.918367346938776
314,5/28/2024,Sansa,1.2385685884691848,,no effect,no effect,0.9051060739510544,0.22784104370367042,1.489795918367347,1.5714285714285714,12.714285714285714,10.26530612244898
322,5/28/2024,Sansa,1.0472175379426645,,no effect,no effect,0.573864595,0.7702265178902398,3.5918367346938775,3.0816326530612246,12.673469387755102,12.10204081632653
323,5/28/2024,Sansa,1.7278106508875741,,no effect,up,0.097422465,0.000700097,2.163265306122449,1.469387755102041,5.959183673469388,3.4489795918367347
0,5/29/2024,Sansa,0.913884007,,no effect,no effect,0.11886160630073142,0.099966525,1.5833333333333333,2.212121212121212,15.757575757575758,17.242424242424242
1,5/29/2024,Sansa,0.9682607763242547,,no effect,no effect,0.4520697921963075,0.5173098562952823,4.674242424242424,5.21969697,34.20454545454545,35.32575757575758
2,5/29/2024,Sansa,0.9666666666666666,,no effect,no effect,0.5692475387798038,0.7798003040711883,1.0075757575757576,0.8863636363636364,2.4166666666666665,2.5
4,5/29/2024,Sansa,0.9661339421613393,,no effect,no effect,0.3994417417206291,0.4714215980456332,5.659090909090909,6.454545454545454,38.46969696969697,39.81818181818182
8,5/29/2024,Sansa,1.006993006993007,,up,no effect,0.033160743,0.9408650571725408,1.3257575757575757,0.9772727272727273,2.1818181818181817,2.1666666666666665
9,5/29/2024,Sansa,1.0130841121495329,,no effect,no effect,0.42370698593658696,0.7537625886233825,9.583333333333334,8.909090909090908,32.84848484848485,32.42424242424242
11,5/29/2024,Sansa,1.0305466237942122,,no effect,no effect,0.35283845699514227,0.5939337207537163,1.7121212121212122,1.5227272727272727,4.856060606060606,4.712121212121212
16,5/29/2024,Sansa,0.9695431472081218,,no effect,no effect,0.19722607798375036,0.5537489709671741,4.886363636363637,6.128787878787879,30.386363636363637,31.34090909090909
19,5/29/2024,Sansa,0.9433922111087465,,no effect,no effect,0.11870723815708624,0.2758206718250703,3.1666666666666665,4.507575757575758,33.583333333333336,35.59848484848485
24,5/29/2024,Sansa,0.9828326180257512,,no effect,no effect,0.18884578767966106,0.7746302207863546,2.5833333333333335,3.507575757575758,26.022727272727273,26.477272727272727
28,5/29/2024,Sansa,1.0839064649243466,,no effect,no effect,0.4328471152599954,0.2767761399590698,1.356060606060606,1.5151515151515151,5.96969697,5.507575757575758
29,5/29/2024,Sansa,0.924834193,,no effect,no effect,0.16635720376989974,0.19016314258748074,1.871212121212121,2.477272727272727,19.015151515151516,20.560606060606062
31,5/29/2024,Sansa,0.9806990088680229,,no effect,no effect,0.31955295715621984,0.7495906873185032,2.2045454545454546,2.742424242424242,28.484848484848484,29.045454545454547
33,5/29/2024,Sansa,1.2717770034843205,,up,up,0.004480313,0.000701142,2.272727272727273,1.5227272727272727,5.53030303,4.348484848484849
35,5/29/2024,Sansa,0.8835170340681362,,no effect,down,0.11768077799669921,0.032300402740820376,2.5,3.2196969696969697,26.71969696969697,30.242424242424242
40,5/29/2024,Sansa,0.956726987,,no effect,no effect,0.10040792163470325,0.47076550842431786,3.628787878787879,4.3106060606060606,18.424242424242426,19.257575757575758
48,5/29/2024,Sansa,1.0330290010741139,,no effect,no effect,0.2678096537033377,0.43771966365142834,5.257575757575758,6.159090909090909,29.143939393939394,28.21212121212121
49,5/29/2024,Sansa,1.0933125972006221,,no effect,no effect,0.2877770897749725,0.12220258372453893,0.9924242424242424,1.1818181818181819,5.325757575757576,4.871212121212121
50,5/29/2024,Sansa,1.0973075106282475,,no effect,up,0.2479688156754148,0.046864551010580374,3.628787878787879,4.325757575757576,17.598484848484848,16.03787878787879
53,5/29/2024,Sansa,1.1495170096598066,,no effect,up,0.3421855555848178,0.025127894483288966,9.287878787878787,8.280303030303031,20.734848484848484,18.03787878787879
55,5/29/2024,Sansa,1.1517857142857144,,no effect,up,0.093024178,0.015851978,1.946969696969697,2.522727272727273,9.772727272727273,8.484848484848484
56,5/29/2024,Sansa,1.0024081878386513,,no effect,no effect,0.44220480712354093,0.9660365111939686,5.992424242424242,6.575757575757576,12.613636363636363,12.583333333333334
57,5/29/2024,Sansa,1.1747052518756698,,no effect,up,0.13849074426222807,0.043561064,3.3106060606060606,3.9318181818181817,8.303030303030303,7.068181818181818
58,5/29/2024,Sansa,1.1227830832196453,,no effect,up,0.5450749037804805,0.034431329,3.409090909090909,3.5757575757575757,6.234848484848484,5.553030303030303
61,5/29/2024,Sansa,1.0331850838179952,,down,no effect,0.034597386,0.44485521995223476,10.424242424242424,12.712121212121213,22.87878787878788,22.143939393939394
62,5/29/2024,Sansa,0.9742388758782201,,no effect,no effect,0.2775705137518015,0.6125968920222387,8.924242424242424,8.568181818181818,6.303030303030303,6.46969697
63,5/29/2024,Sansa,0.8797468354430379,,no effect,no effect,0.5250439254481536,0.2853582794653774,1.2575757575757576,1.1515151515151516,2.106060606060606,2.393939393939394
64,5/29/2024,Sansa,0.982716049,,no effect,no effect,0.5546284989293402,0.7506062309894597,7.325757575757576,7.121212121212121,6.03030303,6.136363636363637
65,5/29/2024,Sansa,1.0396825396825395,,no effect,no effect,0.2872373598657793,0.6837822062644503,0.7575757575757576,0.8939393939393939,1.9848484848484849,1.9090909090909092
71,5/29/2024,Sansa,1.010791366906475,,no effect,no effect,0.41897376375458106,0.859973652,4.916666666666667,5.333333333333333,8.515151515151516,8.424242424242424
72,5/29/2024,Sansa,0.9039735099337748,,no effect,no effect,0.5715403007246669,0.24064094845444492,2.484848484848485,2.371212121212121,2.0681818181818183,2.287878787878788
73,5/29/2024,Sansa,0.9894559257697175,,no effect,no effect,0.5747640845410619,0.8129711879668657,12.515151515151516,12.893939393939394,17.772727272727273,17.96212121212121
74,5/29/2024,Sansa,0.77734375,,no effect,down,0.4328314854752433,0.028355165627617168,2.1136363636363638,2.257575757575758,1.5075757575757576,1.9393939393939394
76,5/29/2024,Sansa,0.9595959595959597,,up,no effect,0.001377952,0.6381349077488605,5.886363636363637,5.045454545454546,3.5984848484848486,3.75
77,5/29/2024,Sansa,0.973882606,,no effect,no effect,0.8320091976935116,0.47058081882124536,22.015151515151516,21.825757575757574,27.401515151515152,28.136363636363637
78,5/29/2024,Sansa,0.7970297029702971,,no effect,no effect,0.2855915197657485,0.15889756610418973,1.9393939393939394,1.6893939393939394,1.2196969696969697,1.5303030303030303
79,5/29/2024,Sansa,0.8461538461538461,,no effect,no effect,0.8787056275326186,0.28233629825355416,1.0909090909090908,1.0606060606060606,1.5,1.7727272727272727
80,5/29/2024,Sansa,0.9706601466992665,,up,no effect,0.047953724625719216,0.7692201323072355,5.128787878787879,4.583333333333333,3.007575757575758,3.0984848484848486
81,5/29/2024,Sansa,0.8241758241758241,,no effect,no effect,0.5134687850849388,0.2444003279054102,0.8106060606060606,0.7272727272727273,0.5681818181818182,0.6893939393939394
82,5/29/2024,Sansa,0.9000000000000001,,no effect,no effect,0.6762817944910446,0.4162999348606925,1.1666666666666667,1.2348484848484849,1.6363636363636365,1.8181818181818181
83,5/29/2024,Sansa,0.929539295,,no effect,no effect,0.1405429070415437,0.1596958547797339,8.553030303030303,9.431818181818182,12.992424242424242,13.977272727272727
89,5/29/2024,Sansa,0.9274795591894773,,no effect,no effect,0.26374677775232486,0.11145059970582301,8.810606061,9.575757575757576,19.765151515151516,21.310606060606062
90,5/29/2024,Sansa,1.088681446907818,,no effect,no effect,0.22699205857627774,0.11572611052940925,0.946969697,1.2424242424242424,7.068181818181818,6.492424242424242
92,5/29/2024,Sansa,1.046362098138748,,no effect,no effect,0.455546123,0.28155778216691574,4.318181818181818,4.765151515151516,23.424242424242426,22.386363636363637
97,5/29/2024,Sansa,1.0842105263157893,,no effect,up,0.42010585193458794,0.019624787050887653,7.0606060606060606,6.5606060606060606,24.189393939393938,22.310606060606062
98,5/29/2024,Sansa,0.9203454894433782,,no effect,no effect,0.6640600145385593,0.12631276722177792,2.606060606060606,2.742424242424242,7.265151515151516,7.893939393939394
99,5/29/2024,Sansa,1.0462633451957295,,no effect,no effect,0.089905877,0.5375051561158499,2.2954545454545454,2.8484848484848486,4.454545454545454,4.257575757575758
101,5/29/2024,Sansa,1.064039408866995,,no effect,no effect,0.47221883906055706,0.5353550599141883,0.48484848484848486,0.5606060606060606,1.6363636363636365,1.5378787878787878
102,5/29/2024,Sansa,1.2436594202898552,,no effect,up,0.39319749099567547,7.055754310662796e-05,4.696969696969697,4.371212121212121,10.401515151515152,8.363636363636363
103,5/29/2024,Sansa,0.9906890130353817,,no effect,no effect,0.5356841556517691,0.8504211891890171,7.242424242424242,7.037878787878788,8.060606061,8.136363636363637
104,5/29/2024,Sansa,1.248780487804878,,no effect,up,0.7230642034686781,1.152134645146607e-07,5.121212121212121,4.992424242424242,15.515151515151516,12.424242424242424
105,5/29/2024,Sansa,1.106060606060606,,no effect,no effect,0.7613636393560961,0.4366669472797693,0.9393939393939394,0.9772727272727273,1.106060606060606,1
109,5/29/2024,Sansa,1.1104185218165628,,no effect,no effect,0.7860003158223682,0.056343901,3.242424242424242,3.143939393939394,9.446969696969697,8.507575757575758
110,5/29/2024,Sansa,0.9476309226932668,,no effect,no effect,0.40286610754707997,0.530789271,3.3181818181818183,3.515151515151515,2.878787878787879,3.037878787878788
111,5/29/2024,Sansa,0.9218910585817062,,no effect,no effect,0.6676767544452519,0.2974974451434279,5.348484848484849,5.2272727272727275,6.795454545454546,7.371212121212121
112,5/29/2024,Sansa,1.0688705234159779,,no effect,no effect,0.6037706153254907,0.26291906032957557,2.856060606060606,2.984848484848485,5.878787878787879,5.5
113,5/29/2024,Sansa,1.017723880597015,,no effect,no effect,0.8689857383047743,0.6637941696291295,7.742424242424242,7.681818181818182,8.265151515151516,8.121212121212121
116,5/29/2024,Sansa,1.0488158530691154,,no effect,no effect,0.6744029719769986,0.2372267727706875,12.484848484848484,12.287878787878787,16.439393939393938,15.674242424242424
117,5/29/2024,Sansa,0.9741784037558686,,no effect,no effect,0.15248346399612048,0.8002318645480235,3.4318181818181817,4.053030303030303,3.143939393939394,3.227272727272727
118,5/29/2024,Sansa,0.8915662650602408,,no effect,no effect,0.8134934683485567,0.49892664595564995,0.9166666666666666,0.946969697,0.5606060606060606,0.6287878787878788
120,5/29/2024,Sansa,1.1270718232044201,,no effect,no effect,0.1372454048543898,0.14270481496841778,3.8863636363636362,4.401515151515151,4.636363636363637,4.113636363636363
121,5/29/2024,Sansa,1.1190817790530847,,no effect,no effect,0.39682407328956637,0.068604941,5.75,6.037878787878788,5.909090909090909,5.28030303
122,5/29/2024,Sansa,0.9962686567164181,,up,no effect,0.035706457,0.9317541486513221,9.886363636363637,9.189393939,8.090909090909092,8.121212121212121
123,5/29/2024,Sansa,1.2063492063492063,,down,no effect,0.02092703,0.2673083080044337,0.696969697,1.0075757575757576,1.1515151515151516,0.9545454545454546
124,5/29/2024,Sansa,1.28,,up,no effect,0.041627030300342226,0.1797994811116046,2.787878787878788,1.9393939393939394,1.9393939393939394,1.5151515151515151
126,5/29/2024,Sansa,1.0045207956600362,,no effect,no effect,0.3275540770577686,0.9257231615990719,7.6893939393939394,8.030303030303031,8.416666666666666,8.378787878787879
131,5/29/2024,Sansa,1.222972972972973,,no effect,up,0.43625385783697146,0.000729523,6.128787878787879,6.446969696969697,6.856060606060606,5.606060606060606
133,5/29/2024,Sansa,1.1226831421006178,,up,up,0.010850281,0.006698058,9.916666666666666,9.075757575757576,9.636363636363637,8.583333333333334
136,5/29/2024,Sansa,1.0324786324786326,,no effect,no effect,0.4956238398418754,0.7062628695949867,2.037878787878788,1.871212121212121,4.575757575757576,4.431818181818182
147,5/29/2024,Sansa,1.1129831516352826,,up,no effect,0.010918579022048328,0.12071811827925183,8.5,7.363636363636363,8.507575757575758,7.643939393939394
149,5/29/2024,Sansa,0.99790795,,no effect,no effect,0.33851949357854205,0.982723501,1.4848484848484849,1.2424242424242424,3.6136363636363638,3.621212121212121
150,5/29/2024,Sansa,1.2113970588235294,,no effect,up,0.18321975186879227,0.000897694,7.196969696969697,6.575757575757576,9.984848484848484,8.242424242424242
151,5/29/2024,Sansa,1.1655844155844155,,no effect,up,0.4384036146781731,0.015657656681403627,4.257575757575758,3.962121212121212,8.159090909090908,7
155,5/29/2024,Sansa,1.2294863242161442,,no effect,up,0.054518542,0.000155915,9.886363636363637,8.598484848484848,13.962121212121213,11.356060606060606
156,5/29/2024,Sansa,1.0671140939597317,,no effect,no effect,0.7418515550661717,0.2563108817142349,3.3181818181818183,3.212121212121212,7.2272727272727275,6.7727272727272725
160,5/29/2024,Sansa,1.0894409937888199,,no effect,no effect,0.4883491149723951,0.11578647699237025,5.795454545454546,5.484848484848484,13.287878787878787,12.196969696969697
163,5/29/2024,Sansa,1.0843989769820972,,no effect,no effect,0.23580010970522097,0.088153744,6.681818181818182,6.21969697,12.848484848484848,11.848484848484848
164,5/29/2024,Sansa,1.168421052631579,,up,no effect,0.002072593,0.11583746366479698,1.3181818181818181,0.8636363636363636,2.522727272727273,2.159090909090909
166,5/29/2024,Sansa,1.0816717791411044,,no effect,no effect,0.2421280360542175,0.1888300306996277,8.007575757575758,7.174242424242424,21.37121212121212,19.757575757575758
167,5/29/2024,Sansa,1.3687688821752264,,no effect,up,0.12985173136733094,0.003814033,15.484848484848484,10.68939393939394,54.916666666666664,40.121212121212125
168,5/29/2024,Sansa,1.3125000000000002,,no effect,no effect,0.1206859969278035,0.08811955,1.9924242424242424,1.5378787878787878,1.4318181818181819,1.0909090909090908
174,5/29/2024,Sansa,1.0564024390243902,,no effect,no effect,0.5876580002611924,0.4254978819153127,2.196969696969697,2.053030303030303,5.25,4.96969697
175,5/29/2024,Sansa,1.095669687814703,,no effect,no effect,0.20482011664412117,0.24214694531357078,2.4545454545454546,2.0303030303030303,8.242424242424242,7.5227272727272725
176,5/29/2024,Sansa,1.1386353759235113,,no effect,no effect,0.26834057809378997,0.095547244,4.924242424242424,4.0227272727272725,19.848484848484848,17.431818181818183
177,5/29/2024,Sansa,1.0499207606973058,,no effect,no effect,0.4562875455095071,0.5222864177362578,4.090909090909091,3.75,10.037878787878787,9.560606061
183,5/29/2024,Sansa,0.9150474469046543,,no effect,no effect,0.40956852225956775,0.11337761248842688,12.734848484848484,13.43939393939394,15.340909090909092,16.765151515151516
184,5/29/2024,Sansa,1.0138339920948616,,no effect,no effect,0.38987690408695774,0.8432758267037501,8.787878787878787,8.348484848484848,7.7727272727272725,7.666666666666667
185,5/29/2024,Sansa,1.0628019323671498,,no effect,no effect,0.12049715092438788,0.34169234994243347,5.5227272727272725,6.378787878787879,8.333333333333334,7.840909090909091
187,5/29/2024,Sansa,1.0386075949367088,,no effect,no effect,0.5356805912210411,0.4082641368995228,12.227272727272727,12.628787878787879,12.431818181818182,11.969696969696969
188,5/29/2024,Sansa,1.1014593467685891,,down,no effect,0.003930767,0.08608908,9.325757575757576,11.583333333333334,12.007575757575758,10.901515151515152
189,5/29/2024,Sansa,1.0318627450980393,,no effect,no effect,0.11917726253952335,0.49250658577445716,11.848484848484848,12.901515151515152,12.757575757575758,12.363636363636363
190,5/29/2024,Sansa,1.1518270715388574,,no effect,up,0.24000016500218257,0.003366732,12.825757575757576,13.696969696969697,16.954545454545453,14.719696969696969
192,5/29/2024,Sansa,1.145724907063197,,no effect,up,0.8289947035054506,0.010583487032145565,9.015151515151516,9.128787878787879,11.674242424242424,10.18939393939394
194,5/29/2024,Sansa,0.9491371480472297,,no effect,no effect,0.5747430473670168,0.5712598344112874,4.015151515151516,3.696969696969697,7.916666666666667,8.340909090909092
197,5/29/2024,Sansa,1.0079941860465116,,no effect,no effect,0.082154274,0.828545894,10.704545454545455,10.106060606060606,10.507575757575758,10.424242424242424
202,5/29/2024,Sansa,1.2509727626459144,,no effect,up,0.9133954310504684,0.011185272,2.3636363636363638,2.3333333333333335,4.871212121212121,3.893939393939394
207,5/29/2024,Sansa,1.3825454545454547,,no effect,up,0.6222293131491432,5.6632056717963865e-06,5.454545454545454,5.143939393939394,14.401515151515152,10.416666666666666
212,5/29/2024,Sansa,1.354006586169045,,up,up,0.000745775,1.4535102314292266e-06,11.81060606060606,8.734848484848484,18.689393939393938,13.803030303030303
214,5/29/2024,Sansa,1.1331747919143877,,no effect,no effect,0.36990575598376274,0.096861518,8.151515151515152,7.136363636363637,21.65909090909091,19.113636363636363
215,5/29/2024,Sansa,1.1865168539325843,,no effect,up,0.8285422263991261,0.009922697,5.045454545454546,4.992424242424242,4,3.371212121212121
217,5/29/2024,Sansa,1.1539313399778515,,no effect,no effect,0.050500386,0.092630161,3.75,2.8333333333333335,7.893939393939394,6.840909090909091
222,5/29/2024,Sansa,1.1628175519630486,,no effect,no effect,0.4515313182400058,0.061536965,6.037878787878788,5.25,15.257575757575758,13.121212121212121
223,5/29/2024,Sansa,1,,no effect,no effect,0.46387153816974847,1,0.5454545454545454,0.4090909090909091,1.8181818181818181,1.8181818181818181
225,5/29/2024,Sansa,1.0996143958868896,,no effect,no effect,0.846180013,0.26083815810588806,4.416666666666667,4.257575757575758,12.962121212121213,11.787878787878787
226,5/29/2024,Sansa,1.090909090909091,,no effect,no effect,0.9607515486454427,0.3797528080583754,4.992424242424242,4.931818181818182,15.272727272727273,14
228,5/29/2024,Sansa,0.9860279441117764,,no effect,no effect,0.731878297,0.8531627934200884,2.227272727272727,2.1363636363636362,3.742424242424242,3.7954545454545454
230,5/29/2024,Sansa,1.048728813559322,,no effect,no effect,0.5725116158539587,0.6778189621185065,2.1818181818181817,1.8333333333333333,7.5,7.151515151515151
235,5/29/2024,Sansa,1.0836940836940836,,no effect,no effect,0.5461314851066025,0.39153987739648954,4.446969696969697,3.8333333333333335,17.068181818181817,15.75
237,5/29/2024,Sansa,0.9839055793991417,,no effect,no effect,0.5991413724538752,0.8808231638494877,3.053030303030303,2.5606060606060606,13.893939393939394,14.121212121212121
238,5/29/2024,Sansa,1.248951048951049,,up,up,0.007001857,0.025443092959648913,2.6515151515151514,1.4393939393939394,6.765151515151516,5.416666666666667
241,5/29/2024,Sansa,1.0342245989304812,,no effect,no effect,0.3428508698847035,0.7326867949454511,4.901515151515151,3.6363636363636362,21.977272727272727,21.25
245,5/29/2024,Sansa,1.1786350148367952,,no effect,no effect,0.079303461,0.18057637253190992,2.6666666666666665,1.1818181818181819,15.045454545454545,12.765151515151516
248,5/29/2024,Sansa,1.056471764117941,,no effect,no effect,0.46355772033617837,0.5731981246382712,4.863636363636363,4.287878787878788,16.015151515151516,15.159090909090908
250,5/29/2024,Sansa,1.0062735257214555,,no effect,no effect,0.2612669964451306,0.948107512,1.7575757575757576,1.4090909090909092,6.075757575757576,6.037878787878788
252,5/29/2024,Sansa,1.0525394045534149,,no effect,no effect,0.19835522397112582,0.5920079292780362,2.1742424242424243,1.6742424242424243,9.106060606060606,8.651515151515152
255,5/29/2024,Sansa,0.9303405572755418,,no effect,no effect,0.078666993,0.26567499374653303,4.734848484848484,5.386363636363637,4.553030303030303,4.893939393939394
259,5/29/2024,Sansa,0.8757763975155278,,no effect,no effect,0.7566591810234784,0.27302827118827033,1.2424242424242424,1.2878787878787878,1.0681818181818181,1.2196969696969697
269,5/29/2024,Sansa,0.9352617079889807,,no effect,no effect,0.093174895,0.35722954876130875,1.9924242424242424,2.4166666666666665,5.143939393939394,5.5
1,5/31/2024,Sansa,0.9638836772983114,,down,no effect,0.024296471,0.4840545998368624,1.0869565217391304,1.684782608695652,11.168478260869565,11.58695652173913
4,5/31/2024,Sansa,0.9930721452460582,,no effect,no effect,0.5472931167986289,0.8652072033746914,3.097826086956522,3.3967391304347827,22.592391304347824,22.75
15,5/31/2024,Sansa,0.9798552708781537,,no effect,no effect,0.7707660980744684,0.6191040736473492,3.0869565217391304,2.9456521739130435,27.22826086956522,27.78804347826087
17,5/31/2024,Sansa,1.084870848708487,,up,no effect,0.037464310193223264,0.3803883237065221,0.47282608695652173,0.30978260869565216,1.5978260869565217,1.4728260869565217
24,5/31/2024,Sansa,0.7366136034732271,,no effect,down,1,1.7198198042896254e-05,0.5760869565217391,0.5760869565217391,2.766304347826087,3.755434782608696
25,5/31/2024,Sansa,0.8821274556780067,,no effect,down,0.678997081,0.010503476,1.375,1.5434782608695652,20.01086956521739,22.684782608695652
31,5/31/2024,Sansa,0.8986029094051562,,no effect,down,0.715150242,0.010528878,3.847826086956522,3.597826086956522,33.90760869565217,37.733695652173914
34,5/31/2024,Sansa,0.7673130193905817,,no effect,down,0.084233815,0.002338157,0.8532608695652174,0.6467391304347826,1.5054347826086956,1.9619565217391304
35,5/31/2024,Sansa,0.8725208768267224,,no effect,down,0.9448702492000093,0.00191304,3.4782608695652173,3.4347826086956523,36.34239130434783,41.65217391304348
38,5/31/2024,Sansa,0.8130718954248366,,no effect,down,0.05648968,0.002056923,1.6630434782608696,1.315217391304348,6.760869565217392,8.315217391304348
44,5/31/2024,Sansa,1.0197433366238895,,up,no effect,0.001511708,0.6921463675310231,3.0815217391304346,2.255434782608696,5.614130434782608,5.505434782608695
48,5/31/2024,Sansa,0.8893150684931507,,no effect,no effect,0.6546109380535545,0.074097167,0.5978260869565217,0.5163043478260869,8.820652173913043,9.918478260869565
57,5/31/2024,Sansa,0.8683976919662671,,no effect,down,0.2833193551585517,0.005701827,1.1576086956521738,1.5543478260869565,21.266304347826086,24.48913043478261
58,5/31/2024,Sansa,0.9074519230769232,,no effect,no effect,0.18330599577410459,0.15537537805569757,0.6793478260869565,0.5434782608695652,4.103260869565218,4.521739130434782
59,5/31/2024,Sansa,0.9032649757150567,,no effect,down,0.6701755231684603,0.019113248333793215,3.4510869565217392,3.1630434782608696,36.38586956521739,40.28260869565217
63,5/31/2024,Sansa,0.9661469933184855,,no effect,no effect,0.4361440720269464,0.393556444,3.2717391304347827,2.847826086956522,35.36413043478261,36.60326086956522
75,5/31/2024,Sansa,0.9216730038022813,,no effect,no effect,0.688109722,0.0907076,2.6847826086956523,2.8315217391304346,19.76086956521739,21.440217391304348
82,5/31/2024,Sansa,1.169811320754717,,down,up,0.017270340260176435,0.00328233,3.9184782608695654,4.391304347826087,4.380434782608695,3.744565217391304
84,5/31/2024,Sansa,0.949094782,,no effect,no effect,0.11954608547255442,0.1624653363197662,13.23913043478261,12.46195652173913,24.217391304347824,25.516304347826086
90,5/31/2024,Sansa,0.9927745664739885,,no effect,no effect,0.4545088751098544,0.8951457823831124,4.961956521739131,4.782608695652174,3.733695652173913,3.760869565217391
91,5/31/2024,Sansa,0.8574979287489644,,no effect,down,0.6608489993222164,0.001959153,4.510869565217392,4.369565217391305,11.25,13.119565217391305
97,5/31/2024,Sansa,1.0526092490453967,,no effect,no effect,0.4725594111322263,0.4088883885863557,5.396739130434782,5.038043478260869,13.483695652173912,12.809782608695652
101,5/31/2024,Sansa,0.994005245,,no effect,no effect,0.8100041926981254,0.898565256,3.0597826086956523,3.1739130434782608,14.418478260869565,14.505434782608695
102,5/31/2024,Sansa,0.8996692392502758,,no effect,down,0.8692922172089687,0.045316256,1.733695652173913,1.690217391304348,4.434782608695652,4.929347826086956
103,5/31/2024,Sansa,0.9445129469790382,,no effect,no effect,0.5453267205098077,0.36040503551430925,3.8152173913043477,3.972826086956522,4.163043478260869,4.407608695652174
104,5/31/2024,Sansa,0.96732449,,no effect,no effect,0.7733980755840113,0.4025921024069876,9.722826086956522,9.521739130434783,16.25,16.79891304347826
106,5/31/2024,Sansa,0.9686940966010734,,no effect,no effect,0.4647261100512189,0.3997991359051277,10.048913043478262,9.690217391304348,11.771739130434783,12.152173913043478
108,5/31/2024,Sansa,1.105313092979127,,up,no effect,0.000476812,0.090777567,6.483695652173913,5.5978260869565215,6.331521739130435,5.728260869565218
109,5/31/2024,Sansa,1.0072840790842872,,no effect,no effect,0.15036839177544767,0.8615435733378908,8.831521739130435,8.065217391304348,10.521739130434783,10.445652173913043
110,5/31/2024,Sansa,1.202755905511811,,no effect,up,0.32567467276157613,0.016631079690591237,4.326086956521739,4.065217391304348,6.641304347826087,5.521739130434782
111,5/31/2024,Sansa,0.9489274770173646,,up,no effect,0.044788801,0.4642658278369908,5.538043478260869,5.043478260869565,5.048913043478261,5.320652173913044
113,5/31/2024,Sansa,1.0894160583941606,,no effect,up,0.15062995159360446,0.049523799,8.103260869565217,7.358695652173913,12.978260869565217,11.91304347826087
114,5/31/2024,Sansa,1.1104570637119113,,up,up,0.047778288,0.003385226,15.032608695652174,13.875,17.429347826086957,15.695652173913043
115,5/31/2024,Sansa,1.0041551246537397,,no effect,no effect,0.17961980311558684,0.9616752977732304,2.233695652173913,2.625,3.9402173913043477,3.9239130434782608
116,5/31/2024,Sansa,1.083717149823896,,no effect,up,0.9201900694159073,0.025885177210371785,13.233695652173912,13.304347826086957,21.73913043478261,20.059782608695652
119,5/31/2024,Sansa,1.1053140096618357,,no effect,up,0.4998039170975228,0.008350881,6.048913043478261,5.668478260869565,31.08695652173913,28.125
126,5/31/2024,Sansa,1.0820466242809568,,no effect,up,0.3394078533199878,0.043947397,4.608695652173913,4.119565217391305,19.42391304347826,17.95108695652174
127,5/31/2024,Sansa,0.9809090909090908,,up,no effect,0.012770766722154353,0.7047749698738721,3.010869565217391,2.619565217391304,11.728260869565217,11.956521739130435
130,5/31/2024,Sansa,1.037190082644628,,up,no effect,0.003231507,0.6038672867214578,6.445652173913044,5.625,6.820652173913044,6.576086956521739
133,5/31/2024,Sansa,1.059353254195661,,no effect,no effect,0.7198923831232559,0.178839962,2.7119565217391304,2.847826086956522,14.065217391304348,13.277173913043478
135,5/31/2024,Sansa,1.1269716088328077,,no effect,up,0.1551794772934811,6.009636569132198e-06,8.967391304347826,8.559782608695652,15.532608695652174,13.782608695652174
141,5/31/2024,Sansa,1.135135135135135,,no effect,up,0.12451759311837392,0.033918544,0.9130434782608695,1.1576086956521738,4.108695652173913,3.619565217391304
143,5/31/2024,Sansa,0.9726027397260275,,up,no effect,0.034426569,0.6808477200582268,1.7282608695652173,1.4293478260869565,2.7010869565217392,2.777173913043478
144,5/31/2024,Sansa,1.0504291845493563,,no effect,no effect,0.7021613974448726,0.3544114627492898,2.125,2.0434782608695654,5.320652173913044,5.065217391304348
146,5/31/2024,Sansa,1.2451499118165785,,no effect,up,0.6845420309515923,0.000450812,1.4076086956521738,1.4728260869565217,3.8369565217391304,3.0815217391304346
151,5/31/2024,Sansa,1.1149584487534627,,no effect,no effect,0.3097185197402213,0.11030733072537881,2.4456521739130435,2.2282608695652173,4.375,3.9239130434782608
152,5/31/2024,Sansa,0.5419847328244274,,no effect,down,0.6454348921986155,0.038033505,1.3532608695652173,1.2445652173913044,0.3858695652173913,0.7119565217391305
153,5/31/2024,Sansa,1.0846338535414164,,no effect,no effect,0.12018832355068247,0.13425201364106426,8.896739130434783,8.331521739130435,9.820652173913043,9.054347826086957
158,5/31/2024,Sansa,1.1342315369261475,,no effect,up,0.8525020049441947,0.016346478311772435,10.58695652173913,10.456521739130435,12.353260869565217,10.891304347826088
159,5/31/2024,Sansa,1.0491029272898962,,down,no effect,0.049207693631288164,0.087629514,11.918478260869565,12.543478260869565,12.076086956521738,11.51086956521739
160,5/31/2024,Sansa,1.0451977401129944,,no effect,no effect,0.14551222078057716,0.090200548,14.559782608695652,14.021739130434783,14.076086956521738,13.467391304347826
162,5/31/2024,Sansa,1.3081761006289307,,no effect,up,0.9634120139724818,0.023656181,1.3695652173913044,1.375,1.1304347826086956,0.8641304347826086
174,5/31/2024,Sansa,1.0895211658570438,,up,up,8.320813667767259e-06,0.021699107146547172,8.108695652173912,6.880434782608695,8.532608695652174,7.831521739130435
177,5/31/2024,Sansa,1.29,,up,up,2.171682292785655e-06,2.5404451614765427e-05,5.8478260869565215,4.646739130434782,7.711956521739131,5.978260869565218
179,5/31/2024,Sansa,1.0830449826989619,,no effect,no effect,0.3866423664350198,0.10823624942218954,5.913043478260869,5.711956521739131,5.103260869565218,4.711956521739131
187,5/31/2024,Sansa,1.1097560975609757,,no effect,no effect,0.5635052509475074,0.4857520305898152,0.6956521739130435,0.6467391304347826,0.4945652173913043,0.44565217391304346
190,5/31/2024,Sansa,1.0515084621044886,,up,no effect,0.007967452,0.2220008250538986,8.663043478,7.923913043478261,7.766304347826087,7.385869565217392
192,5/31/2024,Sansa,1.1573236889692584,,no effect,up,0.7595822727103678,0.026113566956586922,4.195652173913044,4.119565217391305,3.4782608695652173,3.005434782608696
193,5/31/2024,Sansa,1.110880110880111,,up,up,0.02468994,0.005386129,7.9021739130434785,7.239130434782608,8.711956522,7.842391304347826
194,5/31/2024,Sansa,1.1332357247437774,,up,up,0.042192239482069134,0.036827849445201365,5.3478260869565215,4.858695652173913,4.206521739130435,3.7119565217391304
196,5/31/2024,Sansa,1.022582513028373,,up,no effect,0.017775682374922108,0.557817581,11.548913043478262,10.581521739130435,9.597826086956522,9.385869565
198,5/31/2024,Sansa,1.201195219123506,,no effect,up,0.8891287045852057,0.001707289,5.3478260869565215,5.304347826086956,6.554347826086956,5.456521739130435
199,5/31/2024,Sansa,1.2200956937799043,,up,up,0.039289638,0.00136402,3.6739130434782608,3.217391304347826,4.157608695652174,3.407608695652174
200,5/31/2024,Sansa,1.0681063122923586,,up,no effect,0.002705833,0.47987099206127537,3.9184782608695654,3.097826086956522,3.494565217391304,3.2717391304347827
201,5/31/2024,Sansa,1.207627118644068,,no effect,up,0.10719936228414524,0.028991586,1.4673913043478262,1.2717391304347827,1.548913043478261,1.2826086956521738
208,5/31/2024,Sansa,1.1578947368421053,,no effect,no effect,0.878035309,0.2453491462070831,0.9728260869565217,0.9456521739130435,1.9130434782608696,1.6521739130434783
212,5/31/2024,Sansa,1.176923076923077,,no effect,up,0.10779861401537157,0.001826195,4.125,3.744565217391304,5.820652173913044,4.945652173913044
226,5/31/2024,Sansa,1.1666666666666667,,no effect,up,0.095962895,0.00304926,4.103260869565218,3.7119565217391304,5.782608695652174,4.956521739130435
235,5/31/2024,Sansa,1.1439811172305272,,no effect,up,0.10846551836390796,0.001997667,8.538043478,8.005434782608695,7.9021739130434785,6.907608695652174
238,5/31/2024,Sansa,1.2040816326530612,,no effect,up,0.9846325655896584,0.000141168,5.684782608695652,5.690217391304348,7.375,6.125
239,5/31/2024,Sansa,1.2479338842975205,,no effect,no effect,0.5041203688850888,0.057773891130729754,0.7663043478260869,0.6956521739130435,1.641304347826087,1.315217391304348
243,5/31/2024,Sansa,1.3990291262135923,,up,up,0.00776517,4.749146386113605e-08,4.9021739130434785,4.021739130434782,7.831521739130435,5.5978260869565215
246,5/31/2024,Sansa,1.3904109589041096,,up,up,2.2978911013265093e-05,4.401055837213767e-06,2.7282608695652173,1.7608695652173914,4.413043478260869,3.1739130434782608
248,5/31/2024,Sansa,1.2144329896907218,,no effect,up,0.22975377397573474,0.000194183,3.7282608695652173,3.4565217391304346,6.4021739130434785,5.271739130434782
249,5/31/2024,Sansa,1.3360824742268043,,no effect,up,0.18374010974372462,5.326431724577475e-09,3.9565217391304346,3.6739130434782608,7.043478260869565,5.271739130434782
250,5/31/2024,Sansa,1.3017656500802568,,up,up,0.014699384,2.499148884452667e-05,2.5380434782608696,2.0380434782608696,4.407608695652174,3.385869565217391
252,5/31/2024,Sansa,1.3998211091234347,,no effect,up,0.20298036697643432,3.211734340838628e-08,4.804347826086956,4.364130434782608,8.505434782608695,6.076086956521739
253,5/31/2024,Sansa,1.3487031700288186,,no effect,up,0.9052466838366069,0.000179345,1.8043478260869565,1.826086956521739,2.5434782608695654,1.8858695652173914
259,5/31/2024,Sansa,1.343827671913836,,no effect,up,0.5052943666061191,6.122096044481191e-07,4.663043478260869,4.423913043478261,8.815217391304348,6.559782608695652
260,5/31/2024,Sansa,1.3663739021329988,,no effect,up,0.7159839141671618,5.572764939243171e-05,0.8043478260869565,0.7228260869565217,5.918478260869565,4.331521739130435
263,5/31/2024,Sansa,1.3700205338809035,,no effect,up,0.098691846,4.046982807109281e-08,6.891304347826087,5.831521739130435,18.130434782608695,13.233695652173912
267,5/31/2024,Sansa,1.4512820512820515,,no effect,up,0.9026726747744591,7.3212212146431284e-09,1.9021739130434783,1.9293478260869565,6.1521739130434785,4.239130434782608
272,5/31/2024,Sansa,1.2796005706134093,,no effect,up,0.14956933003879241,0.002950537,2.902173913043478,2.3315217391304346,4.875,3.8097826086956523
275,5/31/2024,Sansa,1.2571428571428571,,no effect,up,0.5721695767316082,0.001000119,2.907608695652174,3.2065217391304346,9.086956522,7.228260869565218
276,5/31/2024,Sansa,1.4989690721649487,,no effect,up,0.7076061149904715,8.208517939084381e-05,1.2608695652173914,1.184782608695652,3.9510869565217392,2.635869565217391
278,5/31/2024,Sansa,1.175141242937853,,up,no effect,0.001762679,0.17084444132586762,1.423913043478261,0.967391304,1.1304347826086956,0.9619565217391305
284,5/31/2024,Sansa,1.2560777957860618,,no effect,up,0.4687977587142865,0.001064553,1.9945652173913044,2.119565217391304,4.211956521739131,3.3532608695652173
287,5/31/2024,Sansa,1.3220271348762969,,no effect,up,0.48947613162661063,4.3667570821718413e-07,9.320652173913043,8.744565217391305,18.005434782608695,13.619565217391305
288,5/31/2024,Sansa,1.2619214586255258,,no effect,up,0.5001319687282887,1.6446292878371134e-07,15.554347826086957,15.059782608695652,19.559782608695652,15.5
291,5/31/2024,Sansa,1.191908342284282,,no effect,up,0.13595254941539056,2.7396391771004506e-05,15.755434782608695,14.554347826086957,18.092391304347824,15.179347826086957
292,5/31/2024,Sansa,1.1204819277108433,,no effect,up,0.3272586142757864,0.008740328,9.760869565,9.331521739130435,11.119565217391305,9.923913043478262
293,5/31/2024,Sansa,1.0411718131433096,,no effect,no effect,0.067293867,0.4769072643344714,6.809782608695652,6.239130434782608,7.146739130434782,6.864130434782608
295,5/31/2024,Sansa,1.1533505154639174,,no effect,up,0.12339652989556633,0.002398637,4.217391304347826,3.885869565217391,4.864130434782608,4.217391304347826
300,5/31/2024,Sansa,1.1942501942501942,,no effect,up,0.079405243,0.00102804,7.646739130434782,6.826086956521739,8.353260869565217,6.994565217391305
302,5/31/2024,Sansa,1.2373974208675262,,no effect,up,0.061388915427740255,0.000198893,10.978260869565217,9.864130435,11.472826086956522,9.271739130434783
304,5/31/2024,Sansa,1.196969696969697,,no effect,up,0.1956780758998287,0.000381521,6.516304347826087,6.021739130434782,7.728260869565218,6.456521739130435
306,5/31/2024,Sansa,1.1835205992509366,,no effect,up,0.6722942734841943,0.011859269045138274,2.375,2.2989130434782608,3.4347826086956523,2.902173913043478
310,5/31/2024,Sansa,1.1445783132530118,,up,no effect,0.016794471,0.066862911,2.407608695652174,2.010869565217391,2.5815217391304346,2.255434782608696
311,5/31/2024,Sansa,1.193464052287582,,no effect,up,0.9657123588819463,0.000816399,8.489130435,8.510869565,9.923913043478262,8.315217391304348
312,5/31/2024,Sansa,1.1427094105480868,,no effect,up,0.840998117,0.007477991,4.293478260869565,4.239130434782608,6.005434782608695,5.255434782608695
313,5/31/2024,Sansa,1.033033033033033,,up,no effect,0.016938724292972752,0.41073282476965844,6.375,5.853260869565218,5.608695652173913,5.429347826086956
314,5/31/2024,Sansa,1.202828433196874,,up,up,0.041857964,2.9720203189197977e-05,14.58695652173913,13,17.565217391304348,14.603260869565217
317,5/31/2024,Sansa,1.1742294520547945,,up,up,0.010717204843781332,3.795258338063203e-05,13.266304347826088,11.923913043478262,14.907608695652174,12.695652173913043
323,5/31/2024,Sansa,1.2466633712308453,,no effect,up,0.20826366657822049,0.000262691,9.021739130434783,8.059782608695652,13.706521739130435,10.994565217391305
328,5/31/2024,Sansa,1.4005722460658085,,no effect,up,0.070115566,5.873289775757344e-05,0.875,0.5815217391304348,5.320652173913044,3.7989130434782608
329,5/31/2024,Sansa,0.7986577181208053,,no effect,no effect,0.43083291,0.23355895262850843,0.4673913043478261,0.5543478260869565,0.6467391304347826,0.8097826086956522
331,5/31/2024,Sansa,1.3275261324041812,,no effect,up,0.40709500562276413,1.0065058853590826e-06,9.494565217391305,8.804347826086957,18.63586956521739,14.03804347826087
335,5/31/2024,Sansa,1.319006309148265,,up,up,0.001237191,4.107435393774367e-08,12.907608695652174,10.521739130434783,18.179347826086957,13.782608695652174
338,5/31/2024,Sansa,1.0709188224799286,,no effect,up,0.6569154155452321,0.003489283,12.923913043478262,12.804347826086957,13.048913043478262,12.184782608695652
339,5/31/2024,Sansa,1.379531895364846,,no effect,up,0.5454372388671698,3.3533554700562867e-09,9.076086956521738,8.652173913043478,16.33695652173913,11.842391304347826
341,5/31/2024,Sansa,1.0377358490566038,,no effect,no effect,0.056610813,0.8972665107622905,0.5217391304347826,0.30978260869565216,0.29891304347826086,0.28804347826086957
342,5/31/2024,Sansa,1.123076923076923,,no effect,up,0.48612402842334246,0.009668275,13.625,13.206521739130435,14.679347826086957,13.070652173913043
343,5/31/2024,Sansa,0.9142011834319526,,no effect,down,0.8407965613130627,0.036839792,7.217391304347826,7.2771739130434785,5.038043478260869,5.510869565217392
347,5/31/2024,Sansa,1.1353251318101933,,no effect,up,0.8715238827185559,0.027219337530995976,3.5652173913043477,3.532608695652174,3.510869565217391,3.092391304347826
348,5/31/2024,Sansa,1.3508620689655175,,no effect,up,0.48525578558013516,1.5959140641756658e-05,4.190217391304348,3.885869565217391,8.516304347826088,6.304347826086956
350,5/31/2024,Sansa,1.2755227552275523,,no effect,up,0.2972605112544161,0.000662748,3.1032608695652173,3.4293478260869565,5.635869565217392,4.418478260869565
352,5/31/2024,Sansa,1.3858651502843218,,no effect,up,0.4414840553925983,1.3073751644113291e-08,8.918478260869565,8.315217391304348,18.543478260869566,13.380434782608695
354,5/31/2024,Sansa,1.364553895841744,,no effect,up,0.5209621314459065,2.098996232262128e-07,7.619565217391305,7.157608695652174,18.369565217391305,13.46195652173913
355,5/31/2024,Sansa,1.5679475164011247,,no effect,up,0.31802890193563144,1.0010269949848477e-09,1.233695652173913,0.8586956521739131,9.092391304347826,5.798913043478261
360,5/31/2024,Sansa,1.4065265486725664,,no effect,up,0.7357475184708575,5.846266404790256e-06,3.516304347826087,3.3152173913043477,13.820652173913043,9.826086956521738
364,5/31/2024,Sansa,1.4355300859598854,,no effect,up,1,6.025875832389726e-05,0.907608696,0.907608696,5.445652173913044,3.7934782608695654
365,5/31/2024,Sansa,1.4089147286821706,,no effect,up,0.8422122636897416,1.070393698781798e-05,1.625,1.576086956521739,7.9021739130434785,5.608695652173913
367,5/31/2024,Sansa,1.4731057062675397,,no effect,up,0.7920572215109583,3.607611768196616e-09,7.358695652173913,7.059782608695652,34.233695652173914,23.23913043478261
373,5/31/2024,Sansa,1.4059500959692899,,no effect,up,0.5832178241096735,2.0226033562127586e-09,8.092391304347826,7.684782608695652,31.847826086956523,22.652173913043477
383,5/31/2024,Sansa,1.5220560030686614,,no effect,up,0.4406302212483648,9.244520389265121e-11,4.532608695652174,4.108695652173913,21.565217391304348,14.168478260869565
384,5/31/2024,Sansa,1.360861759425494,,no effect,up,0.7657297876093799,3.735345845416228e-08,5.059782608695652,4.929347826086956,16.47826086956522,12.108695652173912
388,5/31/2024,Sansa,1.331306990881459,,no effect,up,0.8836839205275173,8.280498601980074e-06,2.2989130434782608,2.3369565217391304,9.521739130434783,7.1521739130434785
393,5/31/2024,Sansa,1.474676089517079,,no effect,up,0.4746115347573119,2.5412961434049743e-08,1.7554347826086956,1.6032608695652173,6.804347826086956,4.614130434782608
395,5/31/2024,Sansa,0.9693877551020407,,no effect,no effect,0.34755643127347635,0.8088695798601091,0.3804347826086957,0.4891304347826087,1.0326086956521738,1.065217391304348
405,5/31/2024,Sansa,0.3513513513513513,,down,down,0.003173985,0.009884869,0.1358695652173913,0.6739130434782609,0.21195652173913043,0.6032608695652174
408,5/31/2024,Sansa,0.6503856041131105,,down,down,0.00026842,0.030108908984053905,0.3695652173913043,1.358695652173913,1.375,2.114130434782609
412,5/31/2024,Sansa,0.2585034013605442,,down,down,0.002430806,0.005482792,0.1956521739130435,0.9293478260869565,0.20652173913043478,0.7989130434782609
415,5/31/2024,Sansa,0.3134328358208955,,down,down,0.007686529,0.008794944,0.22826086956521738,0.907608696,0.22826086956521738,0.7282608695652174
419,5/31/2024,Sansa,0.5688073394495413,,down,down,0.008892322,0.000200859,1.4076086956521738,2.114130434782609,1.0108695652173914,1.7771739130434783
424,5/31/2024,Sansa,0.34074074074074073,,down,down,0.000983994,0.005159027,0.27717391304347827,1.1032608695652173,0.25,0.7336956521739131
425,5/31/2024,Sansa,1.103225806451613,,no effect,no effect,0.6897667771104954,0.4038364299724767,1.0271739130434783,0.9782608695652174,0.9293478260869565,0.842391304
